file_id,format,path,provenance,policy_family
tf_001,terraform,benchmark/terraform/tf_001/main.tf,project_team_synthetic_mutation,POL_AWS_S3_PUBLIC
tf_002,terraform,benchmark/terraform/tf_002/main.tf,project_team_synthetic_mutation,POL_AWS_S3_PUBLIC
tf_003,terraform,benchmark/terraform/tf_003/main.tf,project_team_synthetic_mutation,POL_AWS_S3_PUBLIC
tf_004,terraform,benchmark/terraform/tf_004/main.tf,project_team_synthetic_mutation,POL_AWS_S3_PUBLIC
tf_005,terraform,benchmark/terraform/tf_005/main.tf,project_team_synthetic_mutation,POL_AWS_S3_PUBLIC
tf_006,terraform,benchmark/terraform/tf_006/main.tf,project_team_synthetic_mutation,POL_AWS_RDS_PUBLIC
tf_007,terraform,benchmark/terraform/tf_007/main.tf,project_team_synthetic_mutation,POL_AWS_RDS_PUBLIC
tf_008,terraform,benchmark/terraform/tf_008/main.tf,project_team_synthetic_mutation,POL_AWS_RDS_PUBLIC
tf_009,terraform,benchmark/terraform/tf_009/main.tf,project_team_synthetic_mutation,POL_AWS_RDS_PUBLIC
tf_010,terraform,benchmark/terraform/tf_010/main.tf,project_team_synthetic_mutation,POL_AWS_RDS_PUBLIC
tf_011,terraform,benchmark/terraform/tf_011/main.tf,project_team_synthetic_mutation,POL_AWS_RDS_ENCRYPTION
tf_012,terraform,benchmark/terraform/tf_012/main.tf,project_team_synthetic_mutation,POL_AWS_RDS_ENCRYPTION
tf_013,terraform,benchmark/terraform/tf_013/main.tf,project_team_synthetic_mutation,POL_AWS_RDS_ENCRYPTION
tf_014,terraform,benchmark/terraform/tf_014/main.tf,project_team_synthetic_mutation,POL_AWS_RDS_ENCRYPTION
tf_015,terraform,benchmark/terraform/tf_015/main.tf,project_team_synthetic_mutation,POL_AWS_RDS_ENCRYPTION
tf_016,terraform,benchmark/terraform/tf_016/main.tf,project_team_synthetic_mutation,POL_AWS_SG_UNRESTRICTED
tf_017,terraform,benchmark/terraform/tf_017/main.tf,project_team_synthetic_mutation,POL_AWS_SG_UNRESTRICTED
tf_018,terraform,benchmark/terraform/tf_018/main.tf,project_team_synthetic_mutation,POL_AWS_SG_UNRESTRICTED
tf_019,terraform,benchmark/terraform/tf_019/main.tf,project_team_synthetic_mutation,POL_AWS_SG_UNRESTRICTED
tf_020,terraform,benchmark/terraform/tf_020/main.tf,project_team_synthetic_mutation,POL_AWS_SG_UNRESTRICTED
tf_021,terraform,benchmark/terraform/tf_021/main.tf,project_team_synthetic_mutation,POL_AWS_IAM_WILDCARD
tf_022,terraform,benchmark/terraform/tf_022/main.tf,project_team_synthetic_mutation,POL_AWS_IAM_WILDCARD
tf_023,terraform,benchmark/terraform/tf_023/main.tf,project_team_synthetic_mutation,POL_AWS_IAM_WILDCARD
tf_024,terraform,benchmark/terraform/tf_024/main.tf,project_team_synthetic_mutation,POL_AWS_IAM_WILDCARD
tf_025,terraform,benchmark/terraform/tf_025/main.tf,project_team_synthetic_mutation,POL_AWS_IAM_WILDCARD
cf_001,cloudformation,benchmark/cloudformation/cf_001/main.yaml,project_team_synthetic_mutation,POL_AWS_S3_PUBLIC
cf_002,cloudformation,benchmark/cloudformation/cf_002/main.yaml,project_team_synthetic_mutation,POL_AWS_S3_PUBLIC
cf_003,cloudformation,benchmark/cloudformation/cf_003/main.yaml,project_team_synthetic_mutation,POL_AWS_S3_PUBLIC
cf_004,cloudformation,benchmark/cloudformation/cf_004/main.yaml,project_team_synthetic_mutation,POL_AWS_S3_PUBLIC
cf_005,cloudformation,benchmark/cloudformation/cf_005/main.yaml,project_team_synthetic_mutation,POL_AWS_S3_PUBLIC
cf_006,cloudformation,benchmark/cloudformation/cf_006/main.yaml,project_team_synthetic_mutation,POL_AWS_RDS_PUBLIC
cf_007,cloudformation,benchmark/cloudformation/cf_007/main.yaml,project_team_synthetic_mutation,POL_AWS_RDS_PUBLIC
cf_008,cloudformation,benchmark/cloudformation/cf_008/main.yaml,project_team_synthetic_mutation,POL_AWS_RDS_PUBLIC
cf_009,cloudformation,benchmark/cloudformation/cf_009/main.yaml,project_team_synthetic_mutation,POL_AWS_RDS_PUBLIC
cf_010,cloudformation,benchmark/cloudformation/cf_010/main.yaml,project_team_synthetic_mutation,POL_AWS_RDS_PUBLIC
cf_011,cloudformation,benchmark/cloudformation/cf_011/main.yaml,project_team_synthetic_mutation,POL_AWS_RDS_ENCRYPTION
cf_012,cloudformation,benchmark/cloudformation/cf_012/main.yaml,project_team_synthetic_mutation,POL_AWS_RDS_ENCRYPTION
cf_013,cloudformation,benchmark/cloudformation/cf_013/main.yaml,project_team_synthetic_mutation,POL_AWS_RDS_ENCRYPTION
cf_014,cloudformation,benchmark/cloudformation/cf_014/main.yaml,project_team_synthetic_mutation,POL_AWS_RDS_ENCRYPTION
cf_015,cloudformation,benchmark/cloudformation/cf_015/main.yaml,project_team_synthetic_mutation,POL_AWS_RDS_ENCRYPTION
cf_016,cloudformation,benchmark/cloudformation/cf_016/main.yaml,project_team_synthetic_mutation,POL_AWS_SG_UNRESTRICTED
cf_017,cloudformation,benchmark/cloudformation/cf_017/main.yaml,project_team_synthetic_mutation,POL_AWS_SG_UNRESTRICTED
cf_018,cloudformation,benchmark/cloudformation/cf_018/main.yaml,project_team_synthetic_mutation,POL_AWS_SG_UNRESTRICTED
cf_019,cloudformation,benchmark/cloudformation/cf_019/main.yaml,project_team_synthetic_mutation,POL_AWS_SG_UNRESTRICTED
cf_020,cloudformation,benchmark/cloudformation/cf_020/main.yaml,project_team_synthetic_mutation,POL_AWS_SG_UNRESTRICTED
cf_021,cloudformation,benchmark/cloudformation/cf_021/main.yaml,project_team_synthetic_mutation,POL_AWS_IAM_WILDCARD
cf_022,cloudformation,benchmark/cloudformation/cf_022/main.yaml,project_team_synthetic_mutation,POL_AWS_IAM_WILDCARD
cf_023,cloudformation,benchmark/cloudformation/cf_023/main.yaml,project_team_synthetic_mutation,POL_AWS_IAM_WILDCARD
cf_024,cloudformation,benchmark/cloudformation/cf_024/main.yaml,project_team_synthetic_mutation,POL_AWS_IAM_WILDCARD
cf_025,cloudformation,benchmark/cloudformation/cf_025/main.yaml,project_team_synthetic_mutation,POL_AWS_IAM_WILDCARD
