cloudguard_rank,instance_id,file_id,format,resource_id,policy_sid,severity,risk_points,expert_relevance
1,U_cf_001_POL_AWS_S3_PUBLIC,cf_001,cloudformation,s31,POL_AWS_S3_PUBLIC,CRITICAL,28,
2,U_cf_002_POL_AWS_S3_PUBLIC,cf_002,cloudformation,s32,POL_AWS_S3_PUBLIC,CRITICAL,28,
3,U_cf_003_POL_AWS_S3_PUBLIC,cf_003,cloudformation,s33,POL_AWS_S3_PUBLIC,CRITICAL,28,
4,U_tf_001_POL_AWS_S3_PUBLIC,tf_001,terraform,aws_s3_bucket.s31,POL_AWS_S3_PUBLIC,CRITICAL,28,
5,U_tf_002_POL_AWS_S3_PUBLIC,tf_002,terraform,aws_s3_bucket.s32,POL_AWS_S3_PUBLIC,CRITICAL,28,
6,U_tf_003_POL_AWS_S3_PUBLIC,tf_003,terraform,aws_s3_bucket.s33,POL_AWS_S3_PUBLIC,CRITICAL,28,
7,U_cf_006_POL_AWS_RDS_PUBLIC,cf_006,cloudformation,rdspublic1,POL_AWS_RDS_PUBLIC,CRITICAL,25,
8,U_cf_007_POL_AWS_RDS_PUBLIC,cf_007,cloudformation,rdspublic2,POL_AWS_RDS_PUBLIC,CRITICAL,25,
9,U_cf_008_POL_AWS_RDS_PUBLIC,cf_008,cloudformation,rdspublic3,POL_AWS_RDS_PUBLIC,CRITICAL,25,
10,U_tf_006_POL_AWS_RDS_PUBLIC,tf_006,terraform,aws_db_instance.rdspublic1,POL_AWS_RDS_PUBLIC,CRITICAL,25,
11,U_tf_007_POL_AWS_RDS_PUBLIC,tf_007,terraform,aws_db_instance.rdspublic2,POL_AWS_RDS_PUBLIC,CRITICAL,25,
12,U_tf_008_POL_AWS_RDS_PUBLIC,tf_008,terraform,aws_db_instance.rdspublic3,POL_AWS_RDS_PUBLIC,CRITICAL,25,
13,U_cf_016_POL_AWS_SG_UNRESTRICTED,cf_016,cloudformation,sg1,POL_AWS_SG_UNRESTRICTED,HIGH,18,
14,U_cf_017_POL_AWS_SG_UNRESTRICTED,cf_017,cloudformation,sg2,POL_AWS_SG_UNRESTRICTED,HIGH,18,
15,U_cf_018_POL_AWS_SG_UNRESTRICTED,cf_018,cloudformation,sg3,POL_AWS_SG_UNRESTRICTED,HIGH,18,
16,U_cf_021_POL_AWS_IAM_WILDCARD,cf_021,cloudformation,iam1,POL_AWS_IAM_WILDCARD,HIGH,18,
17,U_cf_022_POL_AWS_IAM_WILDCARD,cf_022,cloudformation,iam2,POL_AWS_IAM_WILDCARD,HIGH,18,
18,U_cf_023_POL_AWS_IAM_WILDCARD,cf_023,cloudformation,iam3,POL_AWS_IAM_WILDCARD,HIGH,18,
19,U_tf_016_POL_AWS_SG_UNRESTRICTED,tf_016,terraform,aws_security_group.sg1,POL_AWS_SG_UNRESTRICTED,HIGH,18,
20,U_tf_017_POL_AWS_SG_UNRESTRICTED,tf_017,terraform,aws_security_group.sg2,POL_AWS_SG_UNRESTRICTED,HIGH,18,
21,U_tf_018_POL_AWS_SG_UNRESTRICTED,tf_018,terraform,aws_security_group.sg3,POL_AWS_SG_UNRESTRICTED,HIGH,18,
22,U_tf_021_POL_AWS_IAM_WILDCARD,tf_021,terraform,aws_iam_policy.iam1,POL_AWS_IAM_WILDCARD,HIGH,18,
23,U_tf_022_POL_AWS_IAM_WILDCARD,tf_022,terraform,aws_iam_policy.iam2,POL_AWS_IAM_WILDCARD,HIGH,18,
24,U_tf_023_POL_AWS_IAM_WILDCARD,tf_023,terraform,aws_iam_policy.iam3,POL_AWS_IAM_WILDCARD,HIGH,18,
25,U_cf_011_POL_AWS_RDS_ENCRYPTION,cf_011,cloudformation,rdsencryption1,POL_AWS_RDS_ENCRYPTION,HIGH,14,
26,U_cf_012_POL_AWS_RDS_ENCRYPTION,cf_012,cloudformation,rdsencryption2,POL_AWS_RDS_ENCRYPTION,HIGH,14,
27,U_cf_013_POL_AWS_RDS_ENCRYPTION,cf_013,cloudformation,rdsencryption3,POL_AWS_RDS_ENCRYPTION,HIGH,14,
28,U_tf_011_POL_AWS_RDS_ENCRYPTION,tf_011,terraform,aws_db_instance.rdsencryption1,POL_AWS_RDS_ENCRYPTION,HIGH,14,
29,U_tf_012_POL_AWS_RDS_ENCRYPTION,tf_012,terraform,aws_db_instance.rdsencryption2,POL_AWS_RDS_ENCRYPTION,HIGH,14,
30,U_tf_013_POL_AWS_RDS_ENCRYPTION,tf_013,terraform,aws_db_instance.rdsencryption3,POL_AWS_RDS_ENCRYPTION,HIGH,14,
