file_id,policy_sid,violation,analyzer
tf_001,POL_AWS_S3_PUBLIC,1,cloudguard
tf_002,POL_AWS_S3_PUBLIC,1,cloudguard
tf_003,POL_AWS_S3_PUBLIC,1,cloudguard
tf_006,POL_AWS_RDS_PUBLIC,1,cloudguard
tf_007,POL_AWS_RDS_PUBLIC,1,cloudguard
tf_008,POL_AWS_RDS_PUBLIC,1,cloudguard
tf_011,POL_AWS_RDS_ENCRYPTION,1,cloudguard
tf_012,POL_AWS_RDS_ENCRYPTION,1,cloudguard
tf_013,POL_AWS_RDS_ENCRYPTION,1,cloudguard
tf_016,POL_AWS_SG_UNRESTRICTED,1,cloudguard
tf_017,POL_AWS_SG_UNRESTRICTED,1,cloudguard
tf_018,POL_AWS_SG_UNRESTRICTED,1,cloudguard
tf_021,POL_AWS_IAM_WILDCARD,1,cloudguard
tf_022,POL_AWS_IAM_WILDCARD,1,cloudguard
tf_023,POL_AWS_IAM_WILDCARD,1,cloudguard
cf_001,POL_AWS_S3_PUBLIC,1,cloudguard
cf_002,POL_AWS_S3_PUBLIC,1,cloudguard
cf_003,POL_AWS_S3_PUBLIC,1,cloudguard
cf_006,POL_AWS_RDS_PUBLIC,1,cloudguard
cf_007,POL_AWS_RDS_PUBLIC,1,cloudguard
cf_008,POL_AWS_RDS_PUBLIC,1,cloudguard
cf_011,POL_AWS_RDS_ENCRYPTION,1,cloudguard
cf_012,POL_AWS_RDS_ENCRYPTION,1,cloudguard
cf_013,POL_AWS_RDS_ENCRYPTION,1,cloudguard
cf_016,POL_AWS_SG_UNRESTRICTED,1,cloudguard
cf_017,POL_AWS_SG_UNRESTRICTED,1,cloudguard
cf_018,POL_AWS_SG_UNRESTRICTED,1,cloudguard
cf_021,POL_AWS_IAM_WILDCARD,1,cloudguard
cf_022,POL_AWS_IAM_WILDCARD,1,cloudguard
cf_023,POL_AWS_IAM_WILDCARD,1,cloudguard
