file_id,resource_id,policy_sid,violation,tool
cf_001,s31,POL_AWS_S3_PUBLIC,1,checkov
cf_002,s32,POL_AWS_S3_PUBLIC,1,checkov
cf_003,s33,POL_AWS_S3_PUBLIC,1,checkov
cf_006,rdspublic1,POL_AWS_RDS_PUBLIC,1,checkov
cf_007,rdspublic2,POL_AWS_RDS_PUBLIC,1,checkov
cf_008,rdspublic3,POL_AWS_RDS_PUBLIC,1,checkov
cf_011,rdsencryption1,POL_AWS_RDS_ENCRYPTION,1,checkov
cf_012,rdsencryption2,POL_AWS_RDS_ENCRYPTION,1,checkov
cf_013,rdsencryption3,POL_AWS_RDS_ENCRYPTION,1,checkov
cf_016,sg1,POL_AWS_SG_UNRESTRICTED,1,checkov
cf_017,sg2,POL_AWS_SG_UNRESTRICTED,1,checkov
cf_018,sg3,POL_AWS_SG_UNRESTRICTED,1,checkov
tf_001,aws_s3_bucket.s31,POL_AWS_S3_PUBLIC,1,checkov
tf_002,aws_s3_bucket.s32,POL_AWS_S3_PUBLIC,1,checkov
tf_003,aws_s3_bucket.s33,POL_AWS_S3_PUBLIC,1,checkov
tf_006,aws_db_instance.rdspublic1,POL_AWS_RDS_PUBLIC,1,checkov
tf_007,aws_db_instance.rdspublic2,POL_AWS_RDS_PUBLIC,1,checkov
tf_008,aws_db_instance.rdspublic3,POL_AWS_RDS_PUBLIC,1,checkov
tf_011,aws_db_instance.rdsencryption1,POL_AWS_RDS_ENCRYPTION,1,checkov
tf_012,aws_db_instance.rdsencryption2,POL_AWS_RDS_ENCRYPTION,1,checkov
tf_013,aws_db_instance.rdsencryption3,POL_AWS_RDS_ENCRYPTION,1,checkov
tf_016,aws_security_group.sg1,POL_AWS_SG_UNRESTRICTED,1,checkov
tf_017,aws_security_group.sg2,POL_AWS_SG_UNRESTRICTED,1,checkov
tf_018,aws_security_group.sg3,POL_AWS_SG_UNRESTRICTED,1,checkov
tf_021,aws_iam_policy.iam1,POL_AWS_IAM_WILDCARD,1,checkov
tf_022,aws_iam_policy.iam2,POL_AWS_IAM_WILDCARD,1,checkov
tf_023,aws_iam_policy.iam3,POL_AWS_IAM_WILDCARD,1,checkov
