instance_id,file_id,format,resource_id,policy_sid,expected_violation,severity,annotation_source
U_cf_001_POL_AWS_S3_PUBLIC,cf_001,cloudformation,s31,POL_AWS_S3_PUBLIC,1,CRITICAL,two_reviewer_consensus
U_cf_002_POL_AWS_S3_PUBLIC,cf_002,cloudformation,s32,POL_AWS_S3_PUBLIC,1,CRITICAL,two_reviewer_consensus
U_cf_003_POL_AWS_S3_PUBLIC,cf_003,cloudformation,s33,POL_AWS_S3_PUBLIC,1,CRITICAL,two_reviewer_consensus
U_cf_004_POL_AWS_S3_PUBLIC,cf_004,cloudformation,s34,POL_AWS_S3_PUBLIC,0,CRITICAL,two_reviewer_consensus
U_cf_005_POL_AWS_S3_PUBLIC,cf_005,cloudformation,s35,POL_AWS_S3_PUBLIC,0,CRITICAL,two_reviewer_consensus
U_cf_006_POL_AWS_RDS_ENCRYPTION,cf_006,cloudformation,rdspublic1,POL_AWS_RDS_ENCRYPTION,0,HIGH,two_reviewer_consensus
U_cf_006_POL_AWS_RDS_PUBLIC,cf_006,cloudformation,rdspublic1,POL_AWS_RDS_PUBLIC,1,CRITICAL,two_reviewer_consensus
U_cf_007_POL_AWS_RDS_ENCRYPTION,cf_007,cloudformation,rdspublic2,POL_AWS_RDS_ENCRYPTION,0,HIGH,two_reviewer_consensus
U_cf_007_POL_AWS_RDS_PUBLIC,cf_007,cloudformation,rdspublic2,POL_AWS_RDS_PUBLIC,1,CRITICAL,two_reviewer_consensus
U_cf_008_POL_AWS_RDS_ENCRYPTION,cf_008,cloudformation,rdspublic3,POL_AWS_RDS_ENCRYPTION,0,HIGH,two_reviewer_consensus
U_cf_008_POL_AWS_RDS_PUBLIC,cf_008,cloudformation,rdspublic3,POL_AWS_RDS_PUBLIC,1,CRITICAL,two_reviewer_consensus
U_cf_009_POL_AWS_RDS_ENCRYPTION,cf_009,cloudformation,rdspublic4,POL_AWS_RDS_ENCRYPTION,0,HIGH,two_reviewer_consensus
U_cf_009_POL_AWS_RDS_PUBLIC,cf_009,cloudformation,rdspublic4,POL_AWS_RDS_PUBLIC,0,CRITICAL,two_reviewer_consensus
U_cf_010_POL_AWS_RDS_ENCRYPTION,cf_010,cloudformation,rdspublic5,POL_AWS_RDS_ENCRYPTION,0,HIGH,two_reviewer_consensus
U_cf_010_POL_AWS_RDS_PUBLIC,cf_010,cloudformation,rdspublic5,POL_AWS_RDS_PUBLIC,0,CRITICAL,two_reviewer_consensus
U_cf_011_POL_AWS_RDS_ENCRYPTION,cf_011,cloudformation,rdsencryption1,POL_AWS_RDS_ENCRYPTION,1,HIGH,two_reviewer_consensus
U_cf_011_POL_AWS_RDS_PUBLIC,cf_011,cloudformation,rdsencryption1,POL_AWS_RDS_PUBLIC,0,CRITICAL,two_reviewer_consensus
U_cf_012_POL_AWS_RDS_ENCRYPTION,cf_012,cloudformation,rdsencryption2,POL_AWS_RDS_ENCRYPTION,1,HIGH,two_reviewer_consensus
U_cf_012_POL_AWS_RDS_PUBLIC,cf_012,cloudformation,rdsencryption2,POL_AWS_RDS_PUBLIC,0,CRITICAL,two_reviewer_consensus
U_cf_013_POL_AWS_RDS_ENCRYPTION,cf_013,cloudformation,rdsencryption3,POL_AWS_RDS_ENCRYPTION,1,HIGH,two_reviewer_consensus
U_cf_013_POL_AWS_RDS_PUBLIC,cf_013,cloudformation,rdsencryption3,POL_AWS_RDS_PUBLIC,0,CRITICAL,two_reviewer_consensus
U_cf_014_POL_AWS_RDS_ENCRYPTION,cf_014,cloudformation,rdsencryption4,POL_AWS_RDS_ENCRYPTION,0,HIGH,two_reviewer_consensus
U_cf_014_POL_AWS_RDS_PUBLIC,cf_014,cloudformation,rdsencryption4,POL_AWS_RDS_PUBLIC,0,CRITICAL,two_reviewer_consensus
U_cf_015_POL_AWS_RDS_ENCRYPTION,cf_015,cloudformation,rdsencryption5,POL_AWS_RDS_ENCRYPTION,0,HIGH,two_reviewer_consensus
U_cf_015_POL_AWS_RDS_PUBLIC,cf_015,cloudformation,rdsencryption5,POL_AWS_RDS_PUBLIC,0,CRITICAL,two_reviewer_consensus
U_cf_016_POL_AWS_SG_UNRESTRICTED,cf_016,cloudformation,sg1,POL_AWS_SG_UNRESTRICTED,1,HIGH,two_reviewer_consensus
U_cf_017_POL_AWS_SG_UNRESTRICTED,cf_017,cloudformation,sg2,POL_AWS_SG_UNRESTRICTED,1,HIGH,two_reviewer_consensus
U_cf_018_POL_AWS_SG_UNRESTRICTED,cf_018,cloudformation,sg3,POL_AWS_SG_UNRESTRICTED,1,HIGH,two_reviewer_consensus
U_cf_019_POL_AWS_SG_UNRESTRICTED,cf_019,cloudformation,sg4,POL_AWS_SG_UNRESTRICTED,0,HIGH,two_reviewer_consensus
U_cf_020_POL_AWS_SG_UNRESTRICTED,cf_020,cloudformation,sg5,POL_AWS_SG_UNRESTRICTED,0,HIGH,two_reviewer_consensus
U_cf_021_POL_AWS_IAM_WILDCARD,cf_021,cloudformation,iam1,POL_AWS_IAM_WILDCARD,1,HIGH,two_reviewer_consensus
U_cf_022_POL_AWS_IAM_WILDCARD,cf_022,cloudformation,iam2,POL_AWS_IAM_WILDCARD,1,HIGH,two_reviewer_consensus
U_cf_023_POL_AWS_IAM_WILDCARD,cf_023,cloudformation,iam3,POL_AWS_IAM_WILDCARD,1,HIGH,two_reviewer_consensus
U_cf_024_POL_AWS_IAM_WILDCARD,cf_024,cloudformation,iam4,POL_AWS_IAM_WILDCARD,0,HIGH,two_reviewer_consensus
U_cf_025_POL_AWS_IAM_WILDCARD,cf_025,cloudformation,iam5,POL_AWS_IAM_WILDCARD,0,HIGH,two_reviewer_consensus
U_tf_001_POL_AWS_S3_PUBLIC,tf_001,terraform,aws_s3_bucket.s31,POL_AWS_S3_PUBLIC,1,CRITICAL,two_reviewer_consensus
U_tf_002_POL_AWS_S3_PUBLIC,tf_002,terraform,aws_s3_bucket.s32,POL_AWS_S3_PUBLIC,1,CRITICAL,two_reviewer_consensus
U_tf_003_POL_AWS_S3_PUBLIC,tf_003,terraform,aws_s3_bucket.s33,POL_AWS_S3_PUBLIC,1,CRITICAL,two_reviewer_consensus
U_tf_004_POL_AWS_S3_PUBLIC,tf_004,terraform,aws_s3_bucket.s34,POL_AWS_S3_PUBLIC,0,CRITICAL,two_reviewer_consensus
U_tf_005_POL_AWS_S3_PUBLIC,tf_005,terraform,aws_s3_bucket.s35,POL_AWS_S3_PUBLIC,0,CRITICAL,two_reviewer_consensus
U_tf_006_POL_AWS_RDS_ENCRYPTION,tf_006,terraform,aws_db_instance.rdspublic1,POL_AWS_RDS_ENCRYPTION,0,HIGH,two_reviewer_consensus
U_tf_006_POL_AWS_RDS_PUBLIC,tf_006,terraform,aws_db_instance.rdspublic1,POL_AWS_RDS_PUBLIC,1,CRITICAL,two_reviewer_consensus
U_tf_007_POL_AWS_RDS_ENCRYPTION,tf_007,terraform,aws_db_instance.rdspublic2,POL_AWS_RDS_ENCRYPTION,0,HIGH,two_reviewer_consensus
U_tf_007_POL_AWS_RDS_PUBLIC,tf_007,terraform,aws_db_instance.rdspublic2,POL_AWS_RDS_PUBLIC,1,CRITICAL,two_reviewer_consensus
U_tf_008_POL_AWS_RDS_ENCRYPTION,tf_008,terraform,aws_db_instance.rdspublic3,POL_AWS_RDS_ENCRYPTION,0,HIGH,two_reviewer_consensus
U_tf_008_POL_AWS_RDS_PUBLIC,tf_008,terraform,aws_db_instance.rdspublic3,POL_AWS_RDS_PUBLIC,1,CRITICAL,two_reviewer_consensus
U_tf_009_POL_AWS_RDS_ENCRYPTION,tf_009,terraform,aws_db_instance.rdspublic4,POL_AWS_RDS_ENCRYPTION,0,HIGH,two_reviewer_consensus
U_tf_009_POL_AWS_RDS_PUBLIC,tf_009,terraform,aws_db_instance.rdspublic4,POL_AWS_RDS_PUBLIC,0,CRITICAL,two_reviewer_consensus
U_tf_010_POL_AWS_RDS_ENCRYPTION,tf_010,terraform,aws_db_instance.rdspublic5,POL_AWS_RDS_ENCRYPTION,0,HIGH,two_reviewer_consensus
U_tf_010_POL_AWS_RDS_PUBLIC,tf_010,terraform,aws_db_instance.rdspublic5,POL_AWS_RDS_PUBLIC,0,CRITICAL,two_reviewer_consensus
U_tf_011_POL_AWS_RDS_ENCRYPTION,tf_011,terraform,aws_db_instance.rdsencryption1,POL_AWS_RDS_ENCRYPTION,1,HIGH,two_reviewer_consensus
U_tf_011_POL_AWS_RDS_PUBLIC,tf_011,terraform,aws_db_instance.rdsencryption1,POL_AWS_RDS_PUBLIC,0,CRITICAL,two_reviewer_consensus
U_tf_012_POL_AWS_RDS_ENCRYPTION,tf_012,terraform,aws_db_instance.rdsencryption2,POL_AWS_RDS_ENCRYPTION,1,HIGH,two_reviewer_consensus
U_tf_012_POL_AWS_RDS_PUBLIC,tf_012,terraform,aws_db_instance.rdsencryption2,POL_AWS_RDS_PUBLIC,0,CRITICAL,two_reviewer_consensus
U_tf_013_POL_AWS_RDS_ENCRYPTION,tf_013,terraform,aws_db_instance.rdsencryption3,POL_AWS_RDS_ENCRYPTION,1,HIGH,two_reviewer_consensus
U_tf_013_POL_AWS_RDS_PUBLIC,tf_013,terraform,aws_db_instance.rdsencryption3,POL_AWS_RDS_PUBLIC,0,CRITICAL,two_reviewer_consensus
U_tf_014_POL_AWS_RDS_ENCRYPTION,tf_014,terraform,aws_db_instance.rdsencryption4,POL_AWS_RDS_ENCRYPTION,0,HIGH,two_reviewer_consensus
U_tf_014_POL_AWS_RDS_PUBLIC,tf_014,terraform,aws_db_instance.rdsencryption4,POL_AWS_RDS_PUBLIC,0,CRITICAL,two_reviewer_consensus
U_tf_015_POL_AWS_RDS_ENCRYPTION,tf_015,terraform,aws_db_instance.rdsencryption5,POL_AWS_RDS_ENCRYPTION,0,HIGH,two_reviewer_consensus
U_tf_015_POL_AWS_RDS_PUBLIC,tf_015,terraform,aws_db_instance.rdsencryption5,POL_AWS_RDS_PUBLIC,0,CRITICAL,two_reviewer_consensus
U_tf_016_POL_AWS_SG_UNRESTRICTED,tf_016,terraform,aws_security_group.sg1,POL_AWS_SG_UNRESTRICTED,1,HIGH,two_reviewer_consensus
U_tf_017_POL_AWS_SG_UNRESTRICTED,tf_017,terraform,aws_security_group.sg2,POL_AWS_SG_UNRESTRICTED,1,HIGH,two_reviewer_consensus
U_tf_018_POL_AWS_SG_UNRESTRICTED,tf_018,terraform,aws_security_group.sg3,POL_AWS_SG_UNRESTRICTED,1,HIGH,two_reviewer_consensus
U_tf_019_POL_AWS_SG_UNRESTRICTED,tf_019,terraform,aws_security_group.sg4,POL_AWS_SG_UNRESTRICTED,0,HIGH,two_reviewer_consensus
U_tf_020_POL_AWS_SG_UNRESTRICTED,tf_020,terraform,aws_security_group.sg5,POL_AWS_SG_UNRESTRICTED,0,HIGH,two_reviewer_consensus
U_tf_021_POL_AWS_IAM_WILDCARD,tf_021,terraform,aws_iam_policy.iam1,POL_AWS_IAM_WILDCARD,1,HIGH,two_reviewer_consensus
U_tf_022_POL_AWS_IAM_WILDCARD,tf_022,terraform,aws_iam_policy.iam2,POL_AWS_IAM_WILDCARD,1,HIGH,two_reviewer_consensus
U_tf_023_POL_AWS_IAM_WILDCARD,tf_023,terraform,aws_iam_policy.iam3,POL_AWS_IAM_WILDCARD,1,HIGH,two_reviewer_consensus
U_tf_024_POL_AWS_IAM_WILDCARD,tf_024,terraform,aws_iam_policy.iam4,POL_AWS_IAM_WILDCARD,0,HIGH,two_reviewer_consensus
U_tf_025_POL_AWS_IAM_WILDCARD,tf_025,terraform,aws_iam_policy.iam5,POL_AWS_IAM_WILDCARD,0,HIGH,two_reviewer_consensus
