case_id,file_id,format,target_sid,remediation_method,remediation_generated,gate1,gate1_reason,gate2,failure_reason,before_path,after_path
R001_cf_001_POL_AWS_S3_PUBLIC,cf_001,cloudformation,POL_AWS_S3_PUBLIC,controlled_rule_replacement,1,1,yaml_parser_unavailable_lexical_check_only,1,,experiments\remediation\before\R001_cf_001_POL_AWS_S3_PUBLIC.yaml,experiments\remediation\after\R001_cf_001_POL_AWS_S3_PUBLIC.yaml
R002_cf_002_POL_AWS_S3_PUBLIC,cf_002,cloudformation,POL_AWS_S3_PUBLIC,controlled_rule_replacement,1,1,yaml_parser_unavailable_lexical_check_only,1,,experiments\remediation\before\R002_cf_002_POL_AWS_S3_PUBLIC.yaml,experiments\remediation\after\R002_cf_002_POL_AWS_S3_PUBLIC.yaml
R003_cf_003_POL_AWS_S3_PUBLIC,cf_003,cloudformation,POL_AWS_S3_PUBLIC,controlled_rule_replacement,1,1,yaml_parser_unavailable_lexical_check_only,1,,experiments\remediation\before\R003_cf_003_POL_AWS_S3_PUBLIC.yaml,experiments\remediation\after\R003_cf_003_POL_AWS_S3_PUBLIC.yaml
R004_cf_006_POL_AWS_RDS_PUBLIC,cf_006,cloudformation,POL_AWS_RDS_PUBLIC,controlled_rule_replacement,1,1,yaml_parser_unavailable_lexical_check_only,1,,experiments\remediation\before\R004_cf_006_POL_AWS_RDS_PUBLIC.yaml,experiments\remediation\after\R004_cf_006_POL_AWS_RDS_PUBLIC.yaml
R005_cf_007_POL_AWS_RDS_PUBLIC,cf_007,cloudformation,POL_AWS_RDS_PUBLIC,controlled_rule_replacement,1,1,yaml_parser_unavailable_lexical_check_only,1,,experiments\remediation\before\R005_cf_007_POL_AWS_RDS_PUBLIC.yaml,experiments\remediation\after\R005_cf_007_POL_AWS_RDS_PUBLIC.yaml
R006_cf_008_POL_AWS_RDS_PUBLIC,cf_008,cloudformation,POL_AWS_RDS_PUBLIC,controlled_rule_replacement,1,1,yaml_parser_unavailable_lexical_check_only,1,,experiments\remediation\before\R006_cf_008_POL_AWS_RDS_PUBLIC.yaml,experiments\remediation\after\R006_cf_008_POL_AWS_RDS_PUBLIC.yaml
R007_cf_011_POL_AWS_RDS_ENCRYPTION,cf_011,cloudformation,POL_AWS_RDS_ENCRYPTION,controlled_rule_replacement,1,1,yaml_parser_unavailable_lexical_check_only,1,,experiments\remediation\before\R007_cf_011_POL_AWS_RDS_ENCRYPTION.yaml,experiments\remediation\after\R007_cf_011_POL_AWS_RDS_ENCRYPTION.yaml
R008_cf_012_POL_AWS_RDS_ENCRYPTION,cf_012,cloudformation,POL_AWS_RDS_ENCRYPTION,controlled_rule_replacement,1,1,yaml_parser_unavailable_lexical_check_only,1,,experiments\remediation\before\R008_cf_012_POL_AWS_RDS_ENCRYPTION.yaml,experiments\remediation\after\R008_cf_012_POL_AWS_RDS_ENCRYPTION.yaml
R009_cf_013_POL_AWS_RDS_ENCRYPTION,cf_013,cloudformation,POL_AWS_RDS_ENCRYPTION,controlled_rule_replacement,1,1,yaml_parser_unavailable_lexical_check_only,1,,experiments\remediation\before\R009_cf_013_POL_AWS_RDS_ENCRYPTION.yaml,experiments\remediation\after\R009_cf_013_POL_AWS_RDS_ENCRYPTION.yaml
R010_cf_016_POL_AWS_SG_UNRESTRICTED,cf_016,cloudformation,POL_AWS_SG_UNRESTRICTED,controlled_rule_replacement,1,1,yaml_parser_unavailable_lexical_check_only,1,,experiments\remediation\before\R010_cf_016_POL_AWS_SG_UNRESTRICTED.yaml,experiments\remediation\after\R010_cf_016_POL_AWS_SG_UNRESTRICTED.yaml
R011_cf_017_POL_AWS_SG_UNRESTRICTED,cf_017,cloudformation,POL_AWS_SG_UNRESTRICTED,controlled_rule_replacement,1,1,yaml_parser_unavailable_lexical_check_only,1,,experiments\remediation\before\R011_cf_017_POL_AWS_SG_UNRESTRICTED.yaml,experiments\remediation\after\R011_cf_017_POL_AWS_SG_UNRESTRICTED.yaml
R012_cf_018_POL_AWS_SG_UNRESTRICTED,cf_018,cloudformation,POL_AWS_SG_UNRESTRICTED,controlled_rule_replacement,1,1,yaml_parser_unavailable_lexical_check_only,1,,experiments\remediation\before\R012_cf_018_POL_AWS_SG_UNRESTRICTED.yaml,experiments\remediation\after\R012_cf_018_POL_AWS_SG_UNRESTRICTED.yaml
R013_cf_021_POL_AWS_IAM_WILDCARD,cf_021,cloudformation,POL_AWS_IAM_WILDCARD,controlled_rule_replacement,1,1,yaml_parser_unavailable_lexical_check_only,1,,experiments\remediation\before\R013_cf_021_POL_AWS_IAM_WILDCARD.yaml,experiments\remediation\after\R013_cf_021_POL_AWS_IAM_WILDCARD.yaml
R014_cf_022_POL_AWS_IAM_WILDCARD,cf_022,cloudformation,POL_AWS_IAM_WILDCARD,controlled_rule_replacement,1,1,yaml_parser_unavailable_lexical_check_only,1,,experiments\remediation\before\R014_cf_022_POL_AWS_IAM_WILDCARD.yaml,experiments\remediation\after\R014_cf_022_POL_AWS_IAM_WILDCARD.yaml
R015_cf_023_POL_AWS_IAM_WILDCARD,cf_023,cloudformation,POL_AWS_IAM_WILDCARD,controlled_rule_replacement,1,1,yaml_parser_unavailable_lexical_check_only,1,,experiments\remediation\before\R015_cf_023_POL_AWS_IAM_WILDCARD.yaml,experiments\remediation\after\R015_cf_023_POL_AWS_IAM_WILDCARD.yaml
R016_tf_001_POL_AWS_S3_PUBLIC,tf_001,terraform,POL_AWS_S3_PUBLIC,controlled_rule_replacement,1,1,lexical_structure_check_only_native_terraform_validator_unavailable,1,,experiments\remediation\before\R016_tf_001_POL_AWS_S3_PUBLIC.tf,experiments\remediation\after\R016_tf_001_POL_AWS_S3_PUBLIC.tf
R017_tf_002_POL_AWS_S3_PUBLIC,tf_002,terraform,POL_AWS_S3_PUBLIC,controlled_rule_replacement,1,1,lexical_structure_check_only_native_terraform_validator_unavailable,1,,experiments\remediation\before\R017_tf_002_POL_AWS_S3_PUBLIC.tf,experiments\remediation\after\R017_tf_002_POL_AWS_S3_PUBLIC.tf
R018_tf_003_POL_AWS_S3_PUBLIC,tf_003,terraform,POL_AWS_S3_PUBLIC,controlled_rule_replacement,1,1,lexical_structure_check_only_native_terraform_validator_unavailable,1,,experiments\remediation\before\R018_tf_003_POL_AWS_S3_PUBLIC.tf,experiments\remediation\after\R018_tf_003_POL_AWS_S3_PUBLIC.tf
R019_tf_006_POL_AWS_RDS_PUBLIC,tf_006,terraform,POL_AWS_RDS_PUBLIC,controlled_rule_replacement,1,1,lexical_structure_check_only_native_terraform_validator_unavailable,1,,experiments\remediation\before\R019_tf_006_POL_AWS_RDS_PUBLIC.tf,experiments\remediation\after\R019_tf_006_POL_AWS_RDS_PUBLIC.tf
R020_tf_007_POL_AWS_RDS_PUBLIC,tf_007,terraform,POL_AWS_RDS_PUBLIC,controlled_rule_replacement,1,1,lexical_structure_check_only_native_terraform_validator_unavailable,1,,experiments\remediation\before\R020_tf_007_POL_AWS_RDS_PUBLIC.tf,experiments\remediation\after\R020_tf_007_POL_AWS_RDS_PUBLIC.tf
R021_tf_008_POL_AWS_RDS_PUBLIC,tf_008,terraform,POL_AWS_RDS_PUBLIC,controlled_rule_replacement,1,1,lexical_structure_check_only_native_terraform_validator_unavailable,1,,experiments\remediation\before\R021_tf_008_POL_AWS_RDS_PUBLIC.tf,experiments\remediation\after\R021_tf_008_POL_AWS_RDS_PUBLIC.tf
R022_tf_011_POL_AWS_RDS_ENCRYPTION,tf_011,terraform,POL_AWS_RDS_ENCRYPTION,controlled_rule_replacement,1,1,lexical_structure_check_only_native_terraform_validator_unavailable,1,,experiments\remediation\before\R022_tf_011_POL_AWS_RDS_ENCRYPTION.tf,experiments\remediation\after\R022_tf_011_POL_AWS_RDS_ENCRYPTION.tf
R023_tf_012_POL_AWS_RDS_ENCRYPTION,tf_012,terraform,POL_AWS_RDS_ENCRYPTION,controlled_rule_replacement,1,1,lexical_structure_check_only_native_terraform_validator_unavailable,1,,experiments\remediation\before\R023_tf_012_POL_AWS_RDS_ENCRYPTION.tf,experiments\remediation\after\R023_tf_012_POL_AWS_RDS_ENCRYPTION.tf
R024_tf_013_POL_AWS_RDS_ENCRYPTION,tf_013,terraform,POL_AWS_RDS_ENCRYPTION,controlled_rule_replacement,1,1,lexical_structure_check_only_native_terraform_validator_unavailable,1,,experiments\remediation\before\R024_tf_013_POL_AWS_RDS_ENCRYPTION.tf,experiments\remediation\after\R024_tf_013_POL_AWS_RDS_ENCRYPTION.tf
R025_tf_016_POL_AWS_SG_UNRESTRICTED,tf_016,terraform,POL_AWS_SG_UNRESTRICTED,controlled_rule_replacement,1,1,lexical_structure_check_only_native_terraform_validator_unavailable,1,,experiments\remediation\before\R025_tf_016_POL_AWS_SG_UNRESTRICTED.tf,experiments\remediation\after\R025_tf_016_POL_AWS_SG_UNRESTRICTED.tf
R026_tf_017_POL_AWS_SG_UNRESTRICTED,tf_017,terraform,POL_AWS_SG_UNRESTRICTED,controlled_rule_replacement,1,1,lexical_structure_check_only_native_terraform_validator_unavailable,1,,experiments\remediation\before\R026_tf_017_POL_AWS_SG_UNRESTRICTED.tf,experiments\remediation\after\R026_tf_017_POL_AWS_SG_UNRESTRICTED.tf
R027_tf_018_POL_AWS_SG_UNRESTRICTED,tf_018,terraform,POL_AWS_SG_UNRESTRICTED,controlled_rule_replacement,1,1,lexical_structure_check_only_native_terraform_validator_unavailable,1,,experiments\remediation\before\R027_tf_018_POL_AWS_SG_UNRESTRICTED.tf,experiments\remediation\after\R027_tf_018_POL_AWS_SG_UNRESTRICTED.tf
R028_tf_021_POL_AWS_IAM_WILDCARD,tf_021,terraform,POL_AWS_IAM_WILDCARD,controlled_rule_replacement,1,1,lexical_structure_check_only_native_terraform_validator_unavailable,1,,experiments\remediation\before\R028_tf_021_POL_AWS_IAM_WILDCARD.tf,experiments\remediation\after\R028_tf_021_POL_AWS_IAM_WILDCARD.tf
R029_tf_022_POL_AWS_IAM_WILDCARD,tf_022,terraform,POL_AWS_IAM_WILDCARD,controlled_rule_replacement,1,1,lexical_structure_check_only_native_terraform_validator_unavailable,1,,experiments\remediation\before\R029_tf_022_POL_AWS_IAM_WILDCARD.tf,experiments\remediation\after\R029_tf_022_POL_AWS_IAM_WILDCARD.tf
R030_tf_023_POL_AWS_IAM_WILDCARD,tf_023,terraform,POL_AWS_IAM_WILDCARD,controlled_rule_replacement,1,1,lexical_structure_check_only_native_terraform_validator_unavailable,1,,experiments\remediation\before\R030_tf_023_POL_AWS_IAM_WILDCARD.tf,experiments\remediation\after\R030_tf_023_POL_AWS_IAM_WILDCARD.tf
